Number of Objects,Runs,Mean Server Diff,StdDev Server Diff,Error Server Diff,Mean Clients Diff,StdDev Clients Diff,Error Clients Diff
49,2,2.376394103,0.021151163,0.014956131,2.548728807,0.014818549,0.010478297
49,2,3.0895781769275312,0.19644131636329934,0.13890498690570086,3.0108331412292113,0.020568021931184594,0.014543787783134254
